country,Infant_Mortality_rate,Life_expectancy_at_birth,Birth_Rate,Death_Rate
Afghanistan,104.3,52.799999999999997,36.700000000000003,12.699999999999999
Albania,10.800000000000001,79,13,7.0999999999999996
Algeria,17.600000000000001,77.5,20,4.4000000000000004
American-Samoa,9.9000000000000004,74.799999999999997,17.800000000000001,5.9000000000000004
Andorra,3.5,83,7,7.7000000000000002
Angola,62.299999999999997,61.299999999999997,42.700000000000003,8.5
Anguilla,3.2999999999999998,81.799999999999997,12.199999999999999,4.7999999999999998
Antigua-and-Barbuda,11.1,77.299999999999997,15.4,5.7999999999999998
Argentina,9,77.799999999999997,16,7.4000000000000004
Armenia,11.5,75.599999999999994,11.9,9.5
Aruba,9.8000000000000007,77.5,12.1,8.6999999999999993
Australia,3.1000000000000001,82.700000000000003,12.4,6.9000000000000004
Austria,3.2999999999999998,81.900000000000006,9.5,9.8000000000000007
Azerbaijan,21.300000000000001,73.599999999999994,14.5,7
Bahamas-The,10.6,73.299999999999997,14.800000000000001,7.4000000000000004
Bahrain,8.3000000000000007,79.400000000000006,12.699999999999999,2.7999999999999998
Bangladesh,28.300000000000001,74.200000000000003,18.100000000000001,5.5
Barbados,9.5999999999999996,76,11.300000000000001,8.8000000000000007
Belarus,3.5,73.799999999999997,9.5,13.1
Belgium,3.2999999999999998,81.400000000000006,11.1,9.8000000000000007
Belize,11.199999999999999,75.299999999999997,22,4.0999999999999996
Benin,58.700000000000003,61.399999999999999,42.100000000000001,8.4000000000000004
Bermuda,2.5,81.700000000000003,11.199999999999999,9.0999999999999996
Bhutan,27,72.099999999999994,16.300000000000001,6.2999999999999998
Bolivia,32.200000000000003,70.400000000000006,20.800000000000001,6.2999999999999998
Bosnia-and-Herzegovina,5.2000000000000002,77.5,8.5999999999999996,10.199999999999999
Botswana,26.800000000000001,64.799999999999997,20.899999999999999,9.1999999999999993
Brazil,15.9,74.700000000000003,13.6,6.9000000000000004
British-Virgin-Islands,11,79.200000000000003,11.1,5.4000000000000004
Brunei,8.8000000000000007,77.900000000000006,16.5,3.7999999999999998
Bulgaria,8.0999999999999996,75,8.3000000000000007,14.6
Burkina-Faso,52,62.700000000000003,35.100000000000001,8.1999999999999993
Burma,31.699999999999999,69.299999999999997,17,7.2000000000000002
Burundi,40.100000000000001,66.700000000000003,36.5,6.2000000000000002
Cabo-Verde,19.699999999999999,73.200000000000003,19.100000000000001,5.9000000000000004
Cambodia,43.700000000000003,65.900000000000006,21.300000000000001,7.2999999999999998
Cameroon,51.5,62.299999999999997,36.299999999999997,8.0999999999999996
Canada,4.2999999999999998,83.400000000000006,10.199999999999999,7.9000000000000004
Cayman-Islands,5.5,81.599999999999994,11.9,6.0999999999999996
Central-African-Republic,80.599999999999994,54.200000000000003,33.200000000000003,12.300000000000001
Chad,68.599999999999994,58.299999999999997,41.700000000000003,10
Chile,6.2000000000000002,79.400000000000006,13.1,6.5
China,11.4,76.099999999999994,11.6,8.1999999999999993
Colombia,12.300000000000001,76.599999999999994,15.4,5.5999999999999996
Comoros,55,65.700000000000003,23.600000000000001,6.9000000000000004
Congo-Democratic-Republic-of-the,64.5,61,41,8.4000000000000004
Congo-Republic-of-the,50.700000000000003,61.299999999999997,32.600000000000001,8.6999999999999993
Cook-Islands,11.9,76.599999999999994,13.300000000000001,9
Costa-Rica,7.5,79.200000000000003,14.800000000000001,4.9000000000000004
Cote-d'Ivoire,59.100000000000001,61.299999999999997,29.100000000000001,7.9000000000000004
Croatia,8.5999999999999996,76.700000000000003,8.6999999999999993,12.800000000000001
Cuba,4.2999999999999998,79.200000000000003,10.4,9.0999999999999996
Curacao,7,79,13.4,8.6999999999999993
Cyprus,7.4000000000000004,79.299999999999997,10.9,7
Czechia,2.6000000000000001,79.299999999999997,8.9000000000000004,10.699999999999999
Denmark,3.2000000000000002,81.200000000000003,11.1,9.5
Djibouti,41.600000000000001,64.700000000000003,22.699999999999999,7.2999999999999998
Dominica,9.6999999999999993,77.700000000000003,14.5,8
Dominican-Republic,20.899999999999999,72,18.5,6.2999999999999998
Ecuador,15,77.5,17,5.2000000000000002
Egypt,17.100000000000001,73.700000000000003,27.199999999999999,4.4000000000000004
El-Salvador,11.800000000000001,74.799999999999997,18.600000000000001,5.9000000000000004
Equatorial-Guinea,59.700000000000003,65.700000000000003,30.699999999999999,7.2999999999999998
Eritrea,43.299999999999997,66.200000000000003,27.899999999999999,6.9000000000000004
Estonia,3.7000000000000002,77.400000000000006,9.3000000000000007,12.9
Eswatini,42.799999999999997,58.600000000000001,24.5,10.1
Ethiopia,35.799999999999997,67.5,31.600000000000001,5.9000000000000004
Faroe-Islands,5.0999999999999996,80.799999999999997,14.9,8.8000000000000007
Fiji,8.8000000000000007,73.700000000000003,17.399999999999999,6.2999999999999998
Finland,2.5,81.299999999999997,10.6,10.300000000000001
France,3.2000000000000002,82.200000000000003,11.9,9.5999999999999996
French-Polynesia,4.5,77.900000000000006,14,5.5
Gabon,30.399999999999999,69,26.300000000000001,5.9000000000000004
Gambia-The,54.899999999999999,65.799999999999997,27,6.7000000000000002
Gaza-Strip,14.9,74.900000000000006,28.600000000000001,3
Georgia,13.800000000000001,77,11.6,11
Germany,3.2999999999999998,81.099999999999994,8.5999999999999996,12.1
Ghana,32.100000000000001,68.200000000000003,29.600000000000001,6.5999999999999996
Gibraltar,5.5999999999999996,80,13.800000000000001,8.5999999999999996
Greece,3.7000000000000002,81.099999999999994,7.7999999999999998,12
Greenland,8.3000000000000007,73.400000000000006,14.1,9
Grenada,8.9000000000000004,75.200000000000003,14.6,8.3000000000000007
Guam,10.800000000000001,77,18.899999999999999,6
Guatemala,21.800000000000001,72.400000000000006,23.300000000000001,4.9000000000000004
Guernsey,3.2999999999999998,82.799999999999997,9.8000000000000007,9.1999999999999993
Guinea,52.399999999999999,63.200000000000003,36.100000000000001,8.4000000000000004
Guinea-Bissau,51.899999999999999,62.799999999999997,36.899999999999999,7.9000000000000004
Guyana,27.600000000000001,69.5,15.5,7.5
Haiti,42.600000000000001,65.299999999999997,21.699999999999999,7.4000000000000004
Honduras,14.6,74.599999999999994,18.5,4.7000000000000002
Hong-Kong,2.7000000000000002,83.200000000000003,8.4000000000000004,7.9000000000000004
Hungary,4.7000000000000002,76.700000000000003,8.8000000000000007,12.9
Iceland,2.1000000000000001,83.299999999999997,13.300000000000001,6.5999999999999996
India,35.399999999999999,69.700000000000003,18.199999999999999,7.2999999999999998
Indonesia,20.399999999999999,73.700000000000003,15.4,6.5999999999999996
Iran,14.9,74.5,16.300000000000001,5.2999999999999998
Iraq,19.5,72.599999999999994,25.699999999999999,3.8999999999999999
Ireland,3.6000000000000001,81.200000000000003,13,6.7999999999999998
Isle-of-Man,3.8999999999999999,81.599999999999994,10.800000000000001,10.4
Israel,3.2999999999999998,83,17.600000000000001,5.2999999999999998
Italy,3.2000000000000002,82.5,8.4000000000000004,10.699999999999999
Jamaica,11.6,75.200000000000003,16.100000000000001,7.5
Japan,1.8999999999999999,86,7.2999999999999998,10.199999999999999
Jersey,3.6000000000000001,82.200000000000003,12.699999999999999,7.9000000000000004
Jordan,12.800000000000001,75.5,23,3.3999999999999999
Kazakhstan,17.899999999999999,72,16.399999999999999,8.1999999999999993
Kenya,29.800000000000001,69,27.199999999999999,5.2000000000000002
Kiribati,29.199999999999999,67.5,20.5,6.9000000000000004
Korea-North,20,71.599999999999994,14.5,9.4000000000000004
Korea-South,3,82.599999999999994,8.1999999999999993,6.7999999999999998
Kosovo,30.199999999999999,72.700000000000003,15.4,7
Kuwait,6.5,78.599999999999994,18,2.2999999999999998
Kyrgyzstan,23.300000000000001,71.799999999999997,20.600000000000001,6.2999999999999998
Laos,45.600000000000001,65.700000000000003,22.399999999999999,7.2000000000000002
Latvia,5,75.400000000000006,9.1999999999999993,14.6
Lebanon,6.7999999999999998,78.299999999999997,13.6,5.4000000000000004
Lesotho,41.5,53,23.199999999999999,15.4
Liberia,47.399999999999999,64.700000000000003,37.299999999999997,7
Libya,11.5,76.700000000000003,23,3.5
Liechtenstein,4.2000000000000002,82.200000000000003,10.4,7.7999999999999998
Lithuania,3.7999999999999998,75.5,9.5,15
Luxembourg,3.2999999999999998,82.599999999999994,11.6,7.2999999999999998
Macau,3.1000000000000001,84.599999999999994,7.9000000000000004,4.9000000000000004
Macedonia,7.4000000000000004,76.299999999999997,10.699999999999999,9.5999999999999996
Madagascar,37.799999999999997,67.299999999999997,29.899999999999999,6.2000000000000002
Malawi,39.5,63.200000000000003,40.100000000000001,7.2000000000000002
Malaysia,11.4,75.900000000000006,18.300000000000001,5.2999999999999998
Maldives,19.800000000000001,76.400000000000006,16,4.0999999999999996
Mali,64,61.600000000000001,42.200000000000003,9
Malta,4.5999999999999996,82.799999999999997,9.9000000000000004,8.3000000000000007
Marshall-Islands,17.399999999999999,74.099999999999994,22.800000000000001,4.2999999999999998
Mauritania,47.899999999999999,64.5,29,7.5
Mauritius,9,76.5,12.6,7.2999999999999998
Mexico,10.699999999999999,76.700000000000003,17.600000000000001,5.4000000000000004
Micronesia-Federated-States-of,17.800000000000001,73.900000000000006,18.899999999999999,4.2999999999999998
Moldova,11.1,71.900000000000006,10.699999999999999,12.6
Monaco,1.8999999999999999,89.299999999999997,6.4000000000000004,10.800000000000001
Mongolia,19.199999999999999,70.799999999999997,16.600000000000001,6.2999999999999998
Montenegro,3.3999999999999999,77.299999999999997,11.5,10.4
Montserrat,11.1,75.299999999999997,11.699999999999999,6
Morocco,18.199999999999999,73.299999999999997,17.899999999999999,6.5999999999999996
Mozambique,64.700000000000003,55.899999999999999,38.600000000000001,11
Namibia,31.399999999999999,65.299999999999997,25.699999999999999,7.2999999999999998
Nauru,7.4000000000000004,68.400000000000006,21.899999999999999,6
Nepal,25.100000000000001,71.799999999999997,18.100000000000001,5.7000000000000002
Netherlands,3.5,81.700000000000003,11,9.1999999999999993
New-Caledonia,5,78.400000000000006,14.5,5.9000000000000004
New-Zealand,3.5,82.099999999999994,12.800000000000001,6.9000000000000004
Nicaragua,16.5,74.200000000000003,17.100000000000001,5.2000000000000002
Niger,67.700000000000003,59.299999999999997,47.5,10.199999999999999
Nigeria,59.799999999999997,60.399999999999999,34.600000000000001,9.0999999999999996
Northern-Mariana-Islands,11.5,76.099999999999994,15.1,5.2999999999999998
Norway,2.5,82.099999999999994,12.199999999999999,8.0999999999999996
Oman,11.699999999999999,76.299999999999997,23.100000000000001,3.2999999999999998
Pakistan,52.299999999999997,69.200000000000003,27.399999999999999,6.2000000000000002
Palau,9.8000000000000007,74.099999999999994,11.300000000000001,8.3000000000000007
Panama,9.0999999999999996,79.200000000000003,17.100000000000001,5.0999999999999996
Papua-New-Guinea,33.200000000000003,67.799999999999997,22.5,6.7000000000000002
Paraguay,16.899999999999999,77.900000000000006,16.600000000000001,4.9000000000000004
Peru,16.699999999999999,74.700000000000003,17,6.2000000000000002
Philippines,20,70,22.899999999999999,6
Poland,4.2999999999999998,78.299999999999997,8.9000000000000004,10.6
Portugal,2.6000000000000001,81.099999999999994,8.0999999999999996,10.800000000000001
Puerto-Rico,6,81.299999999999997,8,9.5
Qatar,5.7000000000000002,79.400000000000006,9.3000000000000007,1.6000000000000001
Romania,8.6999999999999993,76,8.5,12
Russia,6.5,71.900000000000006,10,13.4
Rwanda,28,65.099999999999994,27.899999999999999,6.0999999999999996
Saint-Barthelemy,5.5999999999999996,80.200000000000003,9.3000000000000007,8.6999999999999993
Saint-Helena-Ascension-and-Tristan-da-Cunha,12,80,9.4000000000000004,8.3000000000000007
Saint-Kitts-and-Nevis,7.7999999999999998,76.599999999999994,12.6,7.2999999999999998
Saint-Lucia,10.1,78.5,12.5,8.0999999999999996
Saint-Martin,5.5999999999999996,80.200000000000003,14.300000000000001,4.5999999999999996
Saint-Pierre-and-Miquelon,6.0999999999999996,81,6.7000000000000002,10.9
Saint-Vincent-and-the-Grenadines,11,76.200000000000003,12.6,7.5999999999999996
Samoa,17,74.700000000000003,19.600000000000001,5.4000000000000004
San-Marino,4.2000000000000002,83.5,8.8000000000000007,9
Sao-Tome-and-Principe,41.700000000000003,66.299999999999997,29.699999999999999,6.2999999999999998
Saudi-Arabia,11.300000000000001,76.200000000000003,14.699999999999999,3.3999999999999999
Senegal,45.700000000000003,63.200000000000003,31.800000000000001,7.5999999999999996
Serbia,5.5999999999999996,76.299999999999997,8.8000000000000007,13.5
Seychelles,9.3000000000000007,75.599999999999994,12.800000000000001,7.0999999999999996
Sierra-Leone,63.600000000000001,59.799999999999997,35.399999999999999,9.8000000000000007
Singapore,2.2999999999999998,86,8.9000000000000004,3.6000000000000001
Sint-Maarten,7.5,78.799999999999997,12.9,5.7999999999999998
Slovakia,4.9000000000000004,77.799999999999997,9.3000000000000007,10.1
Slovenia,1.7,81.400000000000006,8.6999999999999993,10.300000000000001
Solomon-Islands,13.4,76.200000000000003,23.600000000000001,3.7999999999999998
Somalia,89.5,54,38.700000000000003,12.4
South-Africa,27.800000000000001,64.799999999999997,19.199999999999999,9.3000000000000007
South-Sudan,69.900000000000006,55.5,38.799999999999997,11.4
Spain,3.2000000000000002,82,8.6999999999999993,9.3000000000000007
Sri-Lanka,7.7999999999999998,77.5,14.199999999999999,6.5
Sudan,41.799999999999997,66.5,33.799999999999997,6.5
Suriname,22.100000000000001,73.299999999999997,14.9,6.2000000000000002
Sweden,2.6000000000000001,82.400000000000006,12.1,9.4000000000000004
Switzerland,3.5,82.799999999999997,10.5,8.5
Syria,16.5,73.700000000000003,23.800000000000001,4.5
Taiwan,4.2000000000000002,80.599999999999994,8,7.9000000000000004
Tajikistan,28.800000000000001,69,21.800000000000001,5.7999999999999998
Tanzania,36.399999999999999,63.899999999999999,34.600000000000001,7.0999999999999996
Thailand,8.5999999999999996,75.599999999999994,10.699999999999999,8.3000000000000007
Timor-Leste,31.699999999999999,69.299999999999997,32,5.7000000000000002
Togo,38.5,66.599999999999994,32,6.5
Tonga,10.300000000000001,77,21,4.9000000000000004
Trinidad-and-Tobago,20.100000000000001,73.900000000000006,11.4,9.0999999999999996
Tunisia,11,76.299999999999997,15.9,6.4000000000000004
Turkey,15.800000000000001,75.700000000000003,14.800000000000001,6.0999999999999996
Turkmenistan,30.800000000000001,71.299999999999997,18.300000000000001,6.0999999999999996
Turks-and-Caicos-Islands,9.3000000000000007,80.299999999999997,14.1,3.3999999999999999
Tuvalu,26.600000000000001,67.900000000000006,23.399999999999999,8.1999999999999993
Uganda,32.600000000000001,68.200000000000003,42.299999999999997,5.2999999999999998
Ukraine,7.4000000000000004,72.900000000000006,9.5999999999999996,14
United-Arab-Emirates,5.2999999999999998,79,9.5,2
United-Kingdom,4.0999999999999996,81.099999999999994,11.9,9.5
United-States,5.2999999999999998,80.299999999999997,12.4,8.3000000000000007
Uruguay,7.7999999999999998,77.900000000000006,12.9,9.3000000000000007
Uzbekistan,16.300000000000001,74.799999999999997,16.100000000000001,5.4000000000000004
Vanuatu,12.699999999999999,74.599999999999994,22.399999999999999,4
Venezuela,27.899999999999999,71,17.899999999999999,7.5
Vietnam,15.699999999999999,74.400000000000006,14.5,6
Virgin-Islands,7.4000000000000004,79.799999999999997,12.1,8.5
Wallis-and-Futuna,4.2000000000000002,80.200000000000003,12.699999999999999,5.7000000000000002
West-Bank,12.800000000000001,75.900000000000006,25.199999999999999,3.3999999999999999
Yemen,41.899999999999999,66.900000000000006,25.800000000000001,5.5999999999999996
Zambia,56,53.600000000000001,40.399999999999999,11.6
Zimbabwe,30.300000000000001,62.299999999999997,33.600000000000001,9.3000000000000007
